{"scope.version":"2","timeline.animationMode":"proMode","viewport.width":320,"viewport.height":50,"library.openDirectories":[],"library.GroupsPath":{},"library.downloadedAssets":{},"design.zoom":1,"ruler.guides.show":true,"timeline.loopPreview":true,"publish.local.flatten":true,"publish.local.minify":true,"publish.local.inlineFiles":true,"publish.local.createZip":true,"publish.local.politeLoad":true,"publish.local.exportMozilla":true,"publish.local.exportWebkit":true,"publish.local.unpackGroups":true,"publish.local.borderColor":"rgba(0,0,0,1)","publish.local.addBorder":false,"ruler.guides.horizontal":[],"ruler.guides.vertical":[10],"ruler.guides.lock":false}